model,type,fps,avg_latency_ms,std_latency_ms,map50,map50_95,efficiency,params_M,size_MB,avg_detections,meets_30fps
YOLOv8n,YOLO,123.23545205095343,8.114548073281185,0.9355255995803909,37.3,22.9,2.8220918519668334,3.2,6.3,12.513333333333334,True
YOLOv8s,YOLO,118.80186513250248,8.417376266649322,1.2609487420369685,44.9,29.0,3.445254088842572,11.2,21.5,12.04,True
SSD-MobileNetV2,SSD,19.11883438963683,52.30444385992693,13.515728217299214,29.3,21.1,0.4034074056213372,4.3,67.0,11.853333333333333,False
